{
    "best_loss": 0.2677259998158801,
    "[0] precision": 0.75,
    "[0] recall": 0.9529411764705882,
    "[0] f1-score": 0.8393782383419688,
    "[1] precision": 0.6666666666666666,
    "[1] recall": 0.22857142857142856,
    "[1] f1-score": 0.3404255319148936
}
